Natureza da Despesa,Elemento,Valor Previsto,Total Empenhado,Total Liquidado,Total Pago,Jan Empenhado,Fev Empenhado,Mar Empenhado,Abr Empenhado,Mai Empenhado,Jun Empenhado,Jul Empenhado,Ago Empenhado,Set Empenhado,Out Empenhado,Nov Empenhado,Dez Empenhado,Jan Liquidado,Fev Liquidado,Mar Liquidado,Abr Liquidado,Mai Liquidado,Jun Liquidado,Jul Liquidado,Ago Liquidado,Set Liquidado,Out Liquidado,Nov Liquidado,Dez Liquidado,Jan Pago,Fev Pago,Mar Pago,Abr Pago,Mai Pago,Jun Pago,Jul Pago,Ago Pago,Set Pago,Out Pago,Nov Pago,Dez Pago,Ano
3.1 - Pessoal e Encargos Sociais,"01.00 - Aposentadorias, Reserva Remunerada e Reformas",36000.0,0.0,0.0,0.0,0.0,0.0,0.0,0.0,0.0,0.0,0.0,0.0,0.0,0.0,0.0,0.0,0.0,0.0,0.0,0.0,0.0,0.0,0.0,0.0,0.0,0.0,0.0,0.0,0.0,0.0,0.0,0.0,0.0,0.0,0.0,0.0,0.0,0.0,0.0,0.0,2020
3.1 - Pessoal e Encargos Sociais,03.00 - Pensões do RPPS e do Militar,23000.0,10068.12,10068.12,10068.12,839.01,839.01,839.01,839.01,839.01,839.01,839.01,839.01,839.01,839.01,839.01,839.01,839.01,839.01,839.01,839.01,839.01,839.01,839.01,839.01,839.01,839.01,839.01,839.01,839.01,839.01,839.01,839.01,839.01,839.01,839.01,839.01,839.01,839.01,839.01,839.01,2020
3.1 - Pessoal e Encargos Sociais,05.00 - Outros Benefícios Previdenciários do Servidor ou do Militar,3000.0,0.0,0.0,0.0,0.0,0.0,0.0,0.0,0.0,0.0,0.0,0.0,0.0,0.0,0.0,0.0,0.0,0.0,0.0,0.0,0.0,0.0,0.0,0.0,0.0,0.0,0.0,0.0,0.0,0.0,0.0,0.0,0.0,0.0,0.0,0.0,0.0,0.0,0.0,0.0,2020
3.1 - Pessoal e Encargos Sociais,11.00 - Vencimentos e Vantagens Fixas Pessoal Civil,9290000.0,9035575.129999999,9035575.129999999,9035575.129999999,733235.02,698095.24,700720.17,687847.04,714711.46,721090.48,742180.58,700434.69,695881.75,718586.69,671129.67,1251662.34,733235.02,698095.24,700720.17,687847.04,714711.46,721090.48,742180.58,700434.69,695881.75,718586.69,671129.67,1251662.34,733235.02,698095.24,700720.17,687847.04,714711.46,721090.48,742180.58,700434.69,695881.75,718586.69,671129.67,1251662.34,2020
3.1 - Pessoal e Encargos Sociais,13.00 - Obrigações Patronais,722000.0,599471.64,599471.64,599471.64,48035.93,48768.41,48551.92,45935.52,48094.96,47278.8,47911.65,47261.55,48239.61,49205.13,47198.0,72990.16,48035.93,48768.41,48551.92,45935.52,48094.96,47278.8,47911.65,47261.55,48239.61,49205.13,47198.0,72990.16,48035.93,48768.41,0.0,94487.44,48094.96,47278.8,47911.65,47261.55,48239.61,49205.13,47198.0,72990.16,2020
3.1 - Pessoal e Encargos Sociais,13.00 - Obrigações Patronais - Intra-Orçamentário,1150000.0,850231.75,850231.75,850231.75,66377.39,69150.98,69746.76,65616.39,64533.03,64853.25,59483.4,63637.89,65809.71,63446.72,69067.67,128508.56,66377.39,69150.98,69746.76,65616.39,64533.03,64853.25,59483.4,63637.89,65809.71,63446.72,69067.67,128508.56,66377.39,69150.98,69746.76,65616.39,64533.03,64853.25,59483.4,63637.89,65809.71,63446.72,69067.67,128508.56,2020
3.1 - Pessoal e Encargos Sociais,16.00 - Outras Despesas Variáveis Pessoal Civil,600000.0,281167.63999999996,281167.63999999996,281167.63999999996,45437.12,6959.59,32312.13,35608.08,29549.07,66826.11,12672.09,21108.16,8422.74,5206.6,12106.04,4959.91,45437.12,6959.59,32312.13,35608.08,29549.07,66826.11,12672.09,21108.16,8422.74,5206.6,12106.04,4959.91,45437.12,6959.59,32312.13,35608.08,29549.07,66826.11,12672.09,21108.16,8422.74,5206.6,12106.04,4959.91,2020
3.1 - Pessoal e Encargos Sociais,91.00 - Sentenças Judiciais,10500.0,0.0,0.0,0.0,0.0,0.0,0.0,0.0,0.0,0.0,0.0,0.0,0.0,0.0,0.0,0.0,0.0,0.0,0.0,0.0,0.0,0.0,0.0,0.0,0.0,0.0,0.0,0.0,0.0,0.0,0.0,0.0,0.0,0.0,0.0,0.0,0.0,0.0,0.0,0.0,2020
3.1 - Pessoal e Encargos Sociais,92.00 - Despesas de Exercícios Anteriores,3500.0,0.0,0.0,0.0,0.0,0.0,0.0,0.0,0.0,0.0,0.0,0.0,0.0,0.0,0.0,0.0,0.0,0.0,0.0,0.0,0.0,0.0,0.0,0.0,0.0,0.0,0.0,0.0,0.0,0.0,0.0,0.0,0.0,0.0,0.0,0.0,0.0,0.0,0.0,0.0,2020
3.3 - Outras Despesas Correntes,08.00 - Outros Benefícios Assistenciais do Servidor e do Militar,560000.0,540931.6,540931.6,540931.6,96788.6,40334.0,40803.0,40334.0,40334.0,40334.0,40334.0,40334.0,40334.0,40334.0,40334.0,40334.0,45198.6,45024.0,45493.0,45024.0,45024.0,45024.0,45024.0,45024.0,45024.0,45024.0,45024.0,45024.0,45198.6,45024.0,45493.0,45024.0,45024.0,45024.0,45024.0,45024.0,45024.0,45024.0,45024.0,45024.0,2020
3.3 - Outras Despesas Correntes,14.00 - Diárias - Pessoal Civil,90000.0,19500.0,19500.0,19500.0,2700.0,7920.0,240.0,0.0,0.0,0.0,3240.0,540.0,540.0,0.0,4320.0,0.0,2700.0,7920.0,240.0,0.0,0.0,0.0,3240.0,540.0,540.0,0.0,4320.0,0.0,2700.0,7920.0,240.0,0.0,0.0,0.0,3240.0,540.0,540.0,0.0,4320.0,0.0,2020
3.3 - Outras Despesas Correntes,30.00 - Material de Consumo,583000.0,221586.6199999999,221586.62,221586.62,132053.21,108660.12,6716.08,0.0,1375.0,4803.9,1618.16,5907.05,1634.42,4874.29,14803.42,-60859.03,18258.81,40213.56,22215.56,6881.12,1666.16,14925.64,5581.34,11665.49,5919.68,22744.16,23977.93,47537.17,15950.26,27713.31,37024.36,6401.12,2146.16,14141.87,5767.11,11747.79,5914.88,23038.06,7728.85,64012.85,2020
3.3 - Outras Despesas Correntes,"32.00 - Material, Bem ou Serviço para Distribuição Gratuita",7500.0,5870.0,5870.0,5870.0,0.0,0.0,5870.0,0.0,0.0,0.0,0.0,0.0,0.0,0.0,0.0,0.0,0.0,0.0,5870.0,0.0,0.0,0.0,0.0,0.0,0.0,0.0,0.0,0.0,0.0,0.0,5870.0,0.0,0.0,0.0,0.0,0.0,0.0,0.0,0.0,0.0,2020
3.3 - Outras Despesas Correntes,33.00 - Passagens e Despesas com Locomoção,53300.0,6835.56,6835.56,6835.56,1145.69,2279.84,189.21,0.0,0.0,0.0,1300.0,290.97,42.85,0.0,1587.0,0.0,1145.69,2279.84,189.21,0.0,0.0,0.0,1300.0,290.97,42.85,0.0,1587.0,0.0,1145.69,2279.84,189.21,0.0,0.0,0.0,1300.0,290.97,42.85,0.0,1587.0,0.0,2020
3.3 - Outras Despesas Correntes,34.00 - Outras Despesas de Pessoal Decorrentes de Contratos de Terceirização,11000.0,0.0,0.0,0.0,0.0,0.0,0.0,0.0,0.0,0.0,0.0,0.0,0.0,0.0,0.0,0.0,0.0,0.0,0.0,0.0,0.0,0.0,0.0,0.0,0.0,0.0,0.0,0.0,0.0,0.0,0.0,0.0,0.0,0.0,0.0,0.0,0.0,0.0,0.0,0.0,2020
3.3 - Outras Despesas Correntes,35.00 - Serviços de Consultoria,125000.0,0.0,0.0,0.0,0.0,0.0,0.0,0.0,0.0,0.0,0.0,0.0,0.0,0.0,0.0,0.0,0.0,0.0,0.0,0.0,0.0,0.0,0.0,0.0,0.0,0.0,0.0,0.0,0.0,0.0,0.0,0.0,0.0,0.0,0.0,0.0,0.0,0.0,0.0,0.0,2020
3.3 - Outras Despesas Correntes,36.00 - Outros Serviços de Terceiros - Pessoa Física,351000.0,147803.98,147803.98,147803.98,90820.24,29317.97,622.02,0.0,0.0,12.59,1392.66,27500.0,0.0,0.0,0.0,-1861.5,9240.24,16937.81,14726.19,14073.3,13860.0,12787.79,11097.4,11054.82,11004.94,10988.63,10962.99,11069.87,9240.24,16937.81,14726.19,14073.3,13860.0,12787.79,11097.4,11054.82,11004.94,10988.63,10962.99,11069.87,2020
3.3 - Outras Despesas Correntes,37.00 - Locação de Mão-de-Obra,11000.0,0.0,0.0,0.0,0.0,0.0,0.0,0.0,0.0,0.0,0.0,0.0,0.0,0.0,0.0,0.0,0.0,0.0,0.0,0.0,0.0,0.0,0.0,0.0,0.0,0.0,0.0,0.0,0.0,0.0,0.0,0.0,0.0,0.0,0.0,0.0,0.0,0.0,0.0,0.0,2020
3.3 - Outras Despesas Correntes,39.00 - Outros Serviços de Terceiros Pessoa Jurídica,1370000.0,427541.27999999985,427541.2799999999,427541.2799999999,317938.35,4871.3,101712.07,13641.6,14224.29,4319.0,6918.66,26358.0,30156.44,6029.77,7335.23,-105963.43,29947.5,45631.95,20163.36,42196.25,31392.22,46357.02,26581.34,36414.4,24248.3,43727.48,33446.09,47435.37,14412.34,50599.98,29453.7,42517.1,27481.92,34914.18,29419.82,40631.13,31796.98,33740.92,37614.73,54958.48,2020
3.3 - Outras Despesas Correntes,40.00 - Serviços de Tecnologia da Informação e Comunicação - PJ,350000.0,186541.87000000002,186541.87000000002,186541.87,153351.16,18735.67,0.0,574.0,4991.99,0.0,0.0,0.0,5785.0,7187.67,0.0,-4083.62,15046.95,16264.18,12482.0,19410.36,16519.64,15978.17,15986.18,15543.0,15789.36,21968.0,12727.85,8826.18,5119.25,22409.7,16264.18,18967.18,16520.18,15977.63,15986.18,15986.18,15346.18,19390.18,6427.85,18147.18,2020
3.3 - Outras Despesas Correntes,46.00 - Auxílio Alimentação,820000.0,742644.2,742644.2,742644.2,70427.4,62798.3,55854.0,55212.0,55212.0,55212.0,56656.5,55212.0,55212.0,55212.0,55212.0,110424.0,56624.4,58475.5,58422.0,57780.0,57780.0,57448.3,56817.0,56817.0,56817.0,56817.0,56817.0,112029.0,56624.4,58475.5,58422.0,57780.0,57780.0,57448.3,56817.0,56817.0,56817.0,56817.0,56817.0,112029.0,2020
3.3 - Outras Despesas Correntes,47.00 - Obrigações Tributárias e Contributivas,39400.0,753.85,753.85,753.85,0.0,108.0,124.4,0.0,0.0,0.0,0.0,0.0,0.0,0.0,521.45,0.0,0.0,108.0,124.4,0.0,0.0,0.0,0.0,0.0,0.0,0.0,521.45,0.0,0.0,108.0,0.0,124.4,0.0,0.0,0.0,0.0,0.0,0.0,521.45,0.0,2020
3.3 - Outras Despesas Correntes,91.00 - Sentenças Judiciais,10500.0,0.0,0.0,0.0,0.0,0.0,0.0,0.0,0.0,0.0,0.0,0.0,0.0,0.0,0.0,0.0,0.0,0.0,0.0,0.0,0.0,0.0,0.0,0.0,0.0,0.0,0.0,0.0,0.0,0.0,0.0,0.0,0.0,0.0,0.0,0.0,0.0,0.0,0.0,0.0,2020
3.3 - Outras Despesas Correntes,92.00 - Despesas de Exercícios Anteriores,1300.0,0.0,0.0,0.0,0.0,0.0,0.0,0.0,0.0,0.0,0.0,0.0,0.0,0.0,0.0,0.0,0.0,0.0,0.0,0.0,0.0,0.0,0.0,0.0,0.0,0.0,0.0,0.0,0.0,0.0,0.0,0.0,0.0,0.0,0.0,0.0,0.0,0.0,0.0,0.0,2020
3.3 - Outras Despesas Correntes,93.00 - Indenizações e Restituições,10000.0,1233.91,1233.91,1233.91,0.0,0.0,0.0,89.92,0.0,85.45,84.43,82.44,88.41,630.73,0.0,172.53,0.0,0.0,0.0,0.0,89.92,85.45,84.43,82.44,88.41,630.73,0.0,172.53,0.0,0.0,0.0,0.0,89.92,85.45,84.43,82.44,0.0,719.14,0.0,172.53,2020
3.3 - Outras Despesas Correntes,97.00 - Aporte para Cobertura do Déficit Atuarial do RPPS,1200000.0,1084395.1400000001,1084395.1400000001,1084395.1400000001,9554.52,78480.39,77297.58,86658.81,79956.52,87404.97,99690.2,97369.28,94814.51,81042.31,99775.53,192350.52,9554.52,78480.39,77297.58,86658.81,79956.52,87404.97,99690.2,97369.28,94814.51,81042.31,99775.53,192350.52,9554.52,78480.39,77297.58,86658.81,79956.52,87404.97,99690.2,97369.28,94814.51,81042.31,99775.53,192350.52,2020
4.4 - Investimentos,51.00 - Obras e Instalações,140000.0,0.0,0.0,0.0,0.0,0.0,0.0,0.0,0.0,0.0,0.0,0.0,0.0,0.0,0.0,0.0,0.0,0.0,0.0,0.0,0.0,0.0,0.0,0.0,0.0,0.0,0.0,0.0,0.0,0.0,0.0,0.0,0.0,0.0,0.0,0.0,0.0,0.0,0.0,0.0,2020
4.4 - Investimentos,52.00 - Equipamentos e Material Permanente,1245000.0,98615.9,98615.9,98615.9,61360.0,6267.0,7022.0,0.0,0.0,3052.0,3590.0,0.0,638.0,8293.9,4301.0,4092.0,61360.0,3177.0,4433.0,2589.0,0.0,6142.0,0.0,3590.0,638.0,6865.0,1779.9,8042.0,61360.0,2067.0,5543.0,2589.0,0.0,3677.0,2465.0,3590.0,638.0,6865.0,1428.9,8393.0,2020
3.1 - Pessoal e Encargos Sociais,"01.00 - Aposentadorias, Reserva Remunerada e Reformas",36000.0,0.0,0.0,0.0,0.0,0.0,0.0,0.0,0.0,0.0,0.0,0.0,0.0,0.0,0.0,0.0,0.0,0.0,0.0,0.0,0.0,0.0,0.0,0.0,0.0,0.0,0.0,0.0,0.0,0.0,0.0,0.0,0.0,0.0,0.0,0.0,0.0,0.0,0.0,0.0,2021
3.1 - Pessoal e Encargos Sociais,03.00 - Pensões do RPPS e do Militar,23000.0,10068.12,10068.12,10068.12,839.01,839.01,839.01,839.01,839.01,839.01,839.01,839.01,839.01,839.01,839.01,839.01,839.01,839.01,839.01,839.01,839.01,839.01,839.01,839.01,839.01,839.01,839.01,839.01,839.01,839.01,839.01,839.01,839.01,839.01,839.01,839.01,839.01,839.01,839.01,839.01,2021
3.1 - Pessoal e Encargos Sociais,05.00 - Outros Benefícios Previdenciários do Servidor ou do Militar,3000.0,0.0,0.0,0.0,0.0,0.0,0.0,0.0,0.0,0.0,0.0,0.0,0.0,0.0,0.0,0.0,0.0,0.0,0.0,0.0,0.0,0.0,0.0,0.0,0.0,0.0,0.0,0.0,0.0,0.0,0.0,0.0,0.0,0.0,0.0,0.0,0.0,0.0,0.0,0.0,2021
3.1 - Pessoal e Encargos Sociais,11.00 - Vencimentos e Vantagens Fixas Pessoal Civil,8840000.0,8611476.940000001,8611476.94,8611476.94,686428.8,683569.82,801352.34,665260.82,693741.47,677760.55,680880.33,695599.82,671886.59,704678.500000001,720931.93,929385.97,686428.8,683569.82,801352.34,665260.82,693741.47,677760.55,680880.33,695599.82,671886.59,704678.5,720931.93,929385.97,686428.8,683569.82,801352.34,665260.82,693741.47,677760.55,680880.33,695599.82,671886.59,704678.5,720931.93,929385.97,2021
3.1 - Pessoal e Encargos Sociais,13.00 - Obrigações Patronais,722000.0,574955.5099999999,574955.5099999999,574955.5099999999,40860.27,44950.81,45104.46,44989.39,45329.69,44314.17,47178.66,46563.62,47642.34,47575.04,48268.68,72178.38,40860.27,44950.81,45104.46,44989.39,45329.69,44314.17,47178.66,46563.62,47642.34,47575.04,48268.68,72178.38,40860.27,44950.81,45104.46,44989.39,45329.69,44314.17,47178.66,46563.62,47642.34,47575.04,48268.68,72178.38,2021
3.1 - Pessoal e Encargos Sociais,13.00 - Obrigações Patronais - Intra-Orçamentário,1150000.0,853340.95,853340.95,853340.95,66714.41,68049.97,67299.26,66207.67,64978.32,65757.38,65497.38,66703.65,65058.27,64159.74,64358.07,128556.83,66714.41,68049.97,67299.26,66207.67,64978.32,65757.38,65497.38,66703.65,65058.27,64159.74,64358.07,128556.83,66714.41,68049.97,67299.26,66207.67,64978.32,65757.38,65497.38,66703.65,65058.27,64159.74,64358.07,128556.83,2021
3.1 - Pessoal e Encargos Sociais,16.00 - Outras Despesas Variáveis Pessoal Civil,600000.0,293748.71,293748.71,293748.71,14540.55,28466.89,22429.4,14323.53,15183.45,22898.15,20058.82,9613.87,25432.67,30641.41,33019.94,57140.03,14540.55,28466.89,22429.4,14323.53,15183.45,22898.15,20058.82,9613.87,25432.67,30641.41,33019.94,57140.03,14540.55,28466.89,22429.4,14323.53,15183.45,22898.15,20058.82,9613.87,25432.67,30641.41,33019.94,57140.03,2021
3.1 - Pessoal e Encargos Sociais,91.00 - Sentenças Judiciais,10500.0,0.0,0.0,0.0,0.0,0.0,0.0,0.0,0.0,0.0,0.0,0.0,0.0,0.0,0.0,0.0,0.0,0.0,0.0,0.0,0.0,0.0,0.0,0.0,0.0,0.0,0.0,0.0,0.0,0.0,0.0,0.0,0.0,0.0,0.0,0.0,0.0,0.0,0.0,0.0,2021
3.1 - Pessoal e Encargos Sociais,92.00 - Despesas de Exercícios Anteriores,3500.0,0.0,0.0,0.0,0.0,0.0,0.0,0.0,0.0,0.0,0.0,0.0,0.0,0.0,0.0,0.0,0.0,0.0,0.0,0.0,0.0,0.0,0.0,0.0,0.0,0.0,0.0,0.0,0.0,0.0,0.0,0.0,0.0,0.0,0.0,0.0,0.0,0.0,0.0,0.0,2021
3.3 - Outras Despesas Correntes,08.00 - Outros Benefícios Assistenciais do Servidor e do Militar,690000.0,671945.5900000001,671945.5900000001,671945.5900000001,96145.0,40803.0,54045.88,45795.0,44806.0,44528.13,45431.2,45327.0,58079.5,44528.13,44580.23,107876.52,44555.0,45493.0,60295.88,51526.0,50537.0,50259.13,51162.2,51058.0,51318.5,50780.13,50832.23,114128.52,44555.0,45493.0,60295.88,51526.0,50537.0,50259.13,51162.2,51058.0,51318.5,50780.13,50832.23,114128.52,2021
3.3 - Outras Despesas Correntes,14.00 - Diárias - Pessoal Civil,100000.0,65520.0,65520.0,65520.0,3420.0,3240.0,4140.0,4440.0,6840.0,6360.0,3000.0,14160.0,8820.0,6420.0,3240.0,1440.0,3420.0,3240.0,4140.0,4440.0,6840.0,6360.0,3000.0,14160.0,8820.0,6420.0,3240.0,1440.0,3420.0,3240.0,4140.0,4440.0,6840.0,6360.0,3000.0,14160.0,8820.0,6420.0,3240.0,1440.0,2021
3.3 - Outras Despesas Correntes,30.00 - Material de Consumo,643000.0,434048.19999999995,434048.2,434048.2,13952.25,58859.84,107621.02,3947.52,65331.65,56491.6,2072.49,80657.34,17973.5,7110.83,33253.55,-13223.39,8298.15,43728.84,14240.67,14622.37,18511.41,41556.37,9667.14,31875.16,95969.04,31125.13,57314.74,67139.18,7821.25,42550.82,12862.66,17600.4,18566.31,40366.83,9806.68,30552.23,90411.71,33657.14,42933.49,86918.68,2021
3.3 - Outras Despesas Correntes,"32.00 - Material, Bem ou Serviço para Distribuição Gratuita",7500.0,0.0,0.0,0.0,0.0,0.0,0.0,0.0,0.0,0.0,0.0,0.0,0.0,0.0,0.0,0.0,0.0,0.0,0.0,0.0,0.0,0.0,0.0,0.0,0.0,0.0,0.0,0.0,0.0,0.0,0.0,0.0,0.0,0.0,0.0,0.0,0.0,0.0,0.0,0.0,2021
3.3 - Outras Despesas Correntes,33.00 - Passagens e Despesas com Locomoção,53300.0,22903.44,22903.44,22903.44,1030.88,297.97,1814.44,1409.04,1713.34,2468.61,1295.12,7037.99,2853.2,1621.66,885.27,475.92,1030.88,297.97,1814.44,1409.04,1713.34,2468.61,1295.12,7037.99,2853.2,1621.66,885.27,475.92,1030.88,297.97,1814.44,1409.04,1713.34,2468.61,1295.12,7037.99,2853.2,1621.66,885.27,475.92,2021
3.3 - Outras Despesas Correntes,34.00 - Outras Despesas de Pessoal Decorrentes de Contratos de Terceirização,11000.0,0.0,0.0,0.0,0.0,0.0,0.0,0.0,0.0,0.0,0.0,0.0,0.0,0.0,0.0,0.0,0.0,0.0,0.0,0.0,0.0,0.0,0.0,0.0,0.0,0.0,0.0,0.0,0.0,0.0,0.0,0.0,0.0,0.0,0.0,0.0,0.0,0.0,0.0,0.0,2021
3.3 - Outras Despesas Correntes,35.00 - Serviços de Consultoria,25000.0,0.0,0.0,0.0,0.0,0.0,0.0,0.0,0.0,0.0,0.0,0.0,0.0,0.0,0.0,0.0,0.0,0.0,0.0,0.0,0.0,0.0,0.0,0.0,0.0,0.0,0.0,0.0,0.0,0.0,0.0,0.0,0.0,0.0,0.0,0.0,0.0,0.0,0.0,0.0,2021
3.3 - Outras Despesas Correntes,36.00 - Outros Serviços de Terceiros - Pessoa Física,351000.0,152463.42,152463.41999999998,152463.41999999998,52660.0,0.0,0.0,62377.33,0.0,0.0,0.0,35995.0,-785.87,1309.52,1798.5,-891.06,6600.0,6676.0,6600.0,11149.33,13922.73,13852.5,13758.0,14656.16,15483.67,15447.34,17320.69,16997.0,6600.0,6676.0,6600.0,11149.33,13922.73,13852.5,13758.0,14656.16,15483.67,15447.34,17320.69,16997.0,2021
3.3 - Outras Despesas Correntes,37.00 - Locação de Mão-de-Obra,11000.0,0.0,0.0,0.0,0.0,0.0,0.0,0.0,0.0,0.0,0.0,0.0,0.0,0.0,0.0,0.0,0.0,0.0,0.0,0.0,0.0,0.0,0.0,0.0,0.0,0.0,0.0,0.0,0.0,0.0,0.0,0.0,0.0,0.0,0.0,0.0,0.0,0.0,0.0,0.0,2021
3.3 - Outras Despesas Correntes,39.00 - Outros Serviços de Terceiros Pessoa Jurídica,1830000.0,870650.89,870650.89,870650.8900000001,294968.04,93633.49,21105.12,11844.49,17175.0,3521.31,22567.31,376867.81,44225.26,20641.05,19337.68,-55235.67,37250.0,27278.29,33997.0,47508.87,33935.51,43470.2,41995.4,78609.28,56365.2,242447.99,156216.23,71576.92,27875.63,34311.7,32356.98,38869.01,44325.47,34900.02,46920.44,30033.52,99684.62,239117.44,161567.0,80689.06,2021
3.3 - Outras Despesas Correntes,40.00 - Serviços de Tecnologia da Informação e Comunicação - PJ,350000.0,175224.58000000002,175224.58,175224.58,42574.0,35041.16,81000.0,0.0,5129.6,0.0,13740.0,0.0,1350.0,7324.17,0.0,-10934.35,5246.18,7290.74,7290.74,7733.92,16290.73,15867.83,18612.74,16322.74,10053.42,29459.56,9619.24,31436.74,5246.18,7290.74,7290.74,7290.74,16290.74,16311.0,16322.74,18612.74,9610.24,27612.74,9619.24,33726.74,2021
3.3 - Outras Despesas Correntes,46.00 - Auxílio Alimentação,920000.0,910538.6300000001,910538.6300000001,910538.6300000001,58422.0,55854.0,68638.48,78669.07,59512.0,59142.93,60342.4,61934.0,60280.87,59142.93,145034.51,143565.44,54891.0,56175.0,69034.48,62407.07,62037.8,61564.93,62764.4,62752.87,63268.0,61910.93,146609.19,147122.96,54891.0,56175.0,69034.48,62407.07,62037.8,61564.93,62764.4,62752.87,63268.0,61910.93,146609.19,147122.96,2021
3.3 - Outras Despesas Correntes,47.00 - Obrigações Tributárias e Contributivas,39400.0,2077.91,2077.91,2077.91,0.0,0.0,0.0,0.0,0.0,0.0,0.0,0.0,0.0,1658.0,261.91,158.0,0.0,0.0,0.0,0.0,0.0,0.0,0.0,0.0,0.0,1658.0,261.91,158.0,0.0,0.0,0.0,0.0,0.0,0.0,0.0,0.0,0.0,1658.0,261.91,158.0,2021
3.3 - Outras Despesas Correntes,91.00 - Sentenças Judiciais,10500.0,0.0,0.0,0.0,0.0,0.0,0.0,0.0,0.0,0.0,0.0,0.0,0.0,0.0,0.0,0.0,0.0,0.0,0.0,0.0,0.0,0.0,0.0,0.0,0.0,0.0,0.0,0.0,0.0,0.0,0.0,0.0,0.0,0.0,0.0,0.0,0.0,0.0,0.0,0.0,2021
3.3 - Outras Despesas Correntes,92.00 - Despesas de Exercícios Anteriores,1300.0,0.0,0.0,0.0,0.0,0.0,0.0,0.0,0.0,0.0,0.0,0.0,0.0,0.0,0.0,0.0,0.0,0.0,0.0,0.0,0.0,0.0,0.0,0.0,0.0,0.0,0.0,0.0,0.0,0.0,0.0,0.0,0.0,0.0,0.0,0.0,0.0,0.0,0.0,0.0,2021
3.3 - Outras Despesas Correntes,93.00 - Indenizações e Restituições,10000.0,3083.42,3083.42,3083.42,81.89,0.0,0.0,0.0,1800.15,0.0,0.0,0.0,0.0,0.0,0.0,1201.38,81.89,0.0,0.0,0.0,1800.15,0.0,0.0,0.0,0.0,0.0,0.0,1201.38,81.89,0.0,0.0,0.0,1800.15,0.0,0.0,0.0,0.0,0.0,0.0,1201.38,2021
3.3 - Outras Despesas Correntes,97.00 - Aporte para Cobertura do Déficit Atuarial do RPPS,1250000.0,1198672.1600000001,1198672.1600000001,1198672.1600000001,0.0,76578.4,80333.81,91984.69,94378.93,103143.68,99458.72,94322.0,107852.03,93039.33,120690.44,236890.13,0.0,76578.4,80333.81,91984.69,94378.93,103143.68,99458.72,94322.0,107852.03,93039.33,120690.44,236890.13,0.0,76578.4,80333.81,91984.69,94378.93,103143.68,99458.72,94322.0,107852.03,93039.33,120690.44,236890.13,2021
4.4 - Investimentos,51.00 - Obras e Instalações,140000.0,0.0,0.0,0.0,0.0,0.0,0.0,0.0,0.0,0.0,0.0,0.0,0.0,0.0,0.0,0.0,0.0,0.0,0.0,0.0,0.0,0.0,0.0,0.0,0.0,0.0,0.0,0.0,0.0,0.0,0.0,0.0,0.0,0.0,0.0,0.0,0.0,0.0,0.0,0.0,2021
4.4 - Investimentos,52.00 - Equipamentos e Material Permanente,985000.0,707062.03,707062.03,707062.03,7255.0,6682.4,-107.6,65275.39,1705.0,6282.0,66080.0,508150.95,9270.89,11773.0,15000.0,9695.0,5481.0,2105.0,5867.8,58670.79,8309.6,6282.0,62090.0,118841.71,67662.89,128160.01,218896.23,24695.0,1499.0,5852.0,6102.8,20244.84,45960.55,7057.0,62090.0,12205.0,166542.71,135916.9,218896.23,24695.0,2021
3.1 - Pessoal e Encargos Sociais,"01.00 - Aposentadorias, Reserva Remunerada e Reformas",5000.0,0.0,0.0,0.0,0.0,0.0,0.0,0.0,0.0,0.0,0.0,0.0,0.0,0.0,0.0,0.0,0.0,0.0,0.0,0.0,0.0,0.0,0.0,0.0,0.0,0.0,0.0,0.0,0.0,0.0,0.0,0.0,0.0,0.0,0.0,0.0,0.0,0.0,0.0,0.0,2022
3.1 - Pessoal e Encargos Sociais,03.00 - Pensões do RPPS e do Militar,23000.0,10577.550000000003,10577.550000000003,10577.550000000003,855.79,855.79,855.79,890.02,890.02,890.02,890.02,890.02,890.02,890.02,890.02,890.02,855.79,855.79,855.79,890.02,890.02,890.02,890.02,890.02,890.02,890.02,890.02,890.02,855.79,855.79,855.79,890.02,890.02,890.02,890.02,890.02,890.02,890.02,890.02,890.02,2022
3.1 - Pessoal e Encargos Sociais,11.00 - Vencimentos e Vantagens Fixas Pessoal Civil,11790000.0,11736028.439999998,11736028.439999998,11736028.439999998,895373.83,854386.99,848659.47,933716.04,950369.65,956994.01,1005290.92,994284.18,971786.12,987727.37,938013.02,1399426.84,895373.83,854386.99,848659.47,933716.04,950369.65,956994.01,1005290.92,994284.18,971786.12,987727.37,938013.02,1399426.84,895373.83,854386.99,848659.47,933716.04,950369.65,956994.01,1005290.92,994284.18,971786.12,987727.37,938013.02,1399426.84,2022
3.1 - Pessoal e Encargos Sociais,13.00 - Obrigações Patronais,852000.0,818768.65,818768.65,818768.6499999999,57555.18,96.61,121517.96,65268.49,67774.65,67616.2,68869.07,65356.69,65397.88,68374.76,59753.64,111187.52,57555.18,96.61,121517.96,65268.49,67774.65,67616.2,68869.07,65356.69,65397.88,0.0,126633.31,112682.61,57555.18,0.0,121614.57,65268.49,67774.65,0.0,136485.27,65356.69,0.0,65397.88,62633.35,176682.57,2022
3.1 - Pessoal e Encargos Sociais,13.00 - Obrigações Patronais - Intra-Orçamentário,1240000.0,1222700.96,1222700.96,1222700.96,80630.46,89204.06,91955.06,92453.86,93577.04,94685.15,95277.5,97920.77,97330.78,99615.48,98148.39,191902.41,80630.46,89204.06,91955.06,92453.86,93577.04,94685.15,95277.5,97920.77,97330.78,99615.48,98148.39,191902.41,80630.46,89204.06,91955.06,92453.86,93577.04,94685.15,95277.5,97920.77,0.0,97330.78,99615.48,290050.8,2022
3.1 - Pessoal e Encargos Sociais,16.00 - Outras Despesas Variáveis Pessoal Civil,530000.0,508302.62999999995,508302.62999999995,508302.62999999995,46639.96,16812.7,27757.14,36479.92,38440.11,34903.85,49193.51,32154.32,46270.6,49705.24,69793.22,60152.06,46639.96,16812.7,27757.14,36479.92,38440.11,34903.85,49193.51,32154.32,46270.6,49705.24,69793.22,60152.06,46639.96,16812.7,27757.14,36479.92,38440.11,34903.85,49193.51,32154.32,46270.6,49705.24,69793.22,60152.06,2022
3.1 - Pessoal e Encargos Sociais,91.00 - Sentenças Judiciais,5000.0,0.0,0.0,0.0,0.0,0.0,0.0,0.0,0.0,0.0,0.0,0.0,0.0,0.0,0.0,0.0,0.0,0.0,0.0,0.0,0.0,0.0,0.0,0.0,0.0,0.0,0.0,0.0,0.0,0.0,0.0,0.0,0.0,0.0,0.0,0.0,0.0,0.0,0.0,0.0,2022
3.1 - Pessoal e Encargos Sociais,92.00 - Despesas de Exercícios Anteriores,5000.0,0.0,0.0,0.0,0.0,0.0,0.0,0.0,0.0,0.0,0.0,0.0,0.0,0.0,0.0,0.0,0.0,0.0,0.0,0.0,0.0,0.0,0.0,0.0,0.0,0.0,0.0,0.0,0.0,0.0,0.0,0.0,0.0,0.0,0.0,0.0,0.0,0.0,0.0,0.0,2022
3.3 - Outras Despesas Correntes,08.00 - Outros Benefícios Assistenciais do Servidor e do Militar,1090000.0,1078402.29,1078402.29,1078402.29,132658.64,51573.41,80524.73,76140.42,77407.97,77531.6,78477.76,79369.86,94730.44,128807.86,100435.6,100744.0,56424.68,57656.73,90292.07,85061.42,86328.97,86452.6,87398.76,88290.86,105561.04,111139.56,111743.6,112052.0,56424.68,57656.73,90292.07,85061.42,86328.97,86452.6,87398.76,88290.86,105561.04,111139.56,111743.6,112052.0,2022
3.3 - Outras Despesas Correntes,14.00 - Diárias - Pessoal Civil,192000.0,172555.73,172555.73,172555.73,360.0,11340.0,23588.26,14450.0,12639.99,34410.62,16564.55,11786.67,6120.0,12580.01,25995.63,2720.0,360.0,11340.0,23588.26,14450.0,12639.99,34410.62,16564.55,11786.67,6120.0,12580.01,25995.63,2720.0,360.0,11340.0,23588.26,14450.0,12639.99,34410.62,16564.55,11786.67,6120.0,12580.01,25995.63,2720.0,2022
3.3 - Outras Despesas Correntes,30.00 - Material de Consumo,610000.0,536093.5499999998,536093.55,536093.55,31711.28,62570.39,315383.16,18679.85,103.78,10855.66,7610.49,46043.24,8952.02,19490.6,13679.64,1013.44,5117.19,16954.16,48839.24,48491.03,43111.95,52165.44,49267.69,37943.72,35921.78,67381.81,68995.21,61904.33,4066.13,15832.02,38493.5,54712.35,49409.57,43892.74,49499.93,39011.07,35593.18,51631.64,65941.88,88009.54,2022
3.3 - Outras Despesas Correntes,"32.00 - Material, Bem ou Serviço para Distribuição Gratuita",20000.0,14640.0,14640.0,14640.0,6000.0,0.0,0.0,0.0,0.0,0.0,0.0,0.0,2640.0,0.0,0.0,6000.0,6000.0,0.0,0.0,0.0,0.0,0.0,0.0,0.0,2640.0,0.0,0.0,6000.0,0.0,6000.0,0.0,0.0,0.0,0.0,0.0,0.0,2640.0,0.0,0.0,6000.0,2022
3.3 - Outras Despesas Correntes,33.00 - Passagens e Despesas com Locomoção,50000.0,26794.11,26794.11,26794.11,650.0,2086.73,3442.95,2797.92,2459.79,4228.4,2005.75,906.04,651.19,2720.08,4725.79,119.47,650.0,2086.73,3442.95,2797.92,2459.79,4228.4,2005.75,906.04,651.19,2720.08,4725.79,119.47,650.0,2086.73,3442.95,2797.92,2459.79,4228.4,2005.75,906.04,651.19,2720.08,4725.79,119.47,2022
3.3 - Outras Despesas Correntes,34.00 - Outras Despesas de Pessoal Decorrentes de Contratos de Terceirização,5000.0,0.0,0.0,0.0,0.0,0.0,0.0,0.0,0.0,0.0,0.0,0.0,0.0,0.0,0.0,0.0,0.0,0.0,0.0,0.0,0.0,0.0,0.0,0.0,0.0,0.0,0.0,0.0,0.0,0.0,0.0,0.0,0.0,0.0,0.0,0.0,0.0,0.0,0.0,0.0,2022
3.3 - Outras Despesas Correntes,35.00 - Serviços de Consultoria,5000.0,0.0,0.0,0.0,0.0,0.0,0.0,0.0,0.0,0.0,0.0,0.0,0.0,0.0,0.0,0.0,0.0,0.0,0.0,0.0,0.0,0.0,0.0,0.0,0.0,0.0,0.0,0.0,0.0,0.0,0.0,0.0,0.0,0.0,0.0,0.0,0.0,0.0,0.0,0.0,2022
3.3 - Outras Despesas Correntes,36.00 - Outros Serviços de Terceiros - Pessoa Física,255000.0,212659.57,212659.56999999995,212659.56999999995,139129.2,850.0,40061.8,11278.6,-10116.67,0.0,-7996.1,37442.86,721.43,721.43,2164.29,-1597.27,13518.13,15779.6,19593.8,18831.5,17470.9,18276.83,10384.7,24172.33,19043.36,18213.93,18915.06,18459.43,13518.13,15779.6,19593.8,18831.5,17470.9,18276.83,10384.7,24172.33,18321.93,18935.36,18915.06,18459.43,2022
3.3 - Outras Despesas Correntes,37.00 - Locação de Mão-de-Obra,10000.0,0.0,0.0,0.0,0.0,0.0,0.0,0.0,0.0,0.0,0.0,0.0,0.0,0.0,0.0,0.0,0.0,0.0,0.0,0.0,0.0,0.0,0.0,0.0,0.0,0.0,0.0,0.0,0.0,0.0,0.0,0.0,0.0,0.0,0.0,0.0,0.0,0.0,0.0,0.0,2022
3.3 - Outras Despesas Correntes,39.00 - Outros Serviços de Terceiros Pessoa Jurídica,1258000.0,972973.18,972973.18,972973.18,300274.61,104671.88,33760.2,22774.1,516.0,22734.4,21942.76,106962.68,396070.0,7938.61,78639.28,-123311.34,31433.82,23469.04,37941.41,65723.41,34401.84,66021.78,39845.33,42580.92,32496.59,276651.78,150337.65,172069.61,20702.78,31580.62,36913.41,54315.9,48298.73,53114.83,42672.32,31193.13,43010.99,284196.02,139340.05,187634.4,2022
3.3 - Outras Despesas Correntes,40.00 - Serviços de Tecnologia da Informação e Comunicação - PJ,220000.0,168357.63999999998,168357.64,168357.63999999996,91900.03,38680.44,0.0,0.0,0.0,0.0,27484.8,4050.0,0.0,7396.0,15131.49,-16285.12,13071.92,18791.26,19382.17,20981.24,7985.92,9695.8,9467.42,12061.02,6993.3,9558.33,9671.5,30697.76,12628.74,19234.44,19043.89,19029.52,10275.92,5860.2,12854.84,6070.2,9561.02,9765.46,9838.33,34195.08,2022
3.3 - Outras Despesas Correntes,46.00 - Auxílio Alimentação,1220000.0,1196019.6199999999,1196019.6199999999,1196019.6199999999,97238.88,70597.0,124890.63,92345.06,85629.57,89036.66,88158.18,91211.73,90031.2,93390.4,91056.4,182433.91,70214.9,73363.96,116268.4,92743.84,92702.93,93168.53,93914.53,94939.73,93759.2,93759.2,94784.4,186400.0,70214.9,73363.96,116268.4,92743.84,92702.93,93168.53,93914.53,94939.73,93759.2,93759.2,94784.4,186400.0,2022
3.3 - Outras Despesas Correntes,47.00 - Obrigações Tributárias e Contributivas,19000.0,1324.2799999999997,1324.2799999999997,1324.2799999999997,0.0,170.0,0.0,0.0,0.0,144.29,0.0,144.29,288.56,0.0,144.28,432.86,0.0,170.0,0.0,0.0,0.0,144.29,0.0,144.29,288.56,0.0,144.28,432.86,0.0,0.0,170.0,0.0,0.0,0.0,144.29,144.29,0.0,288.56,144.28,432.86,2022
3.3 - Outras Despesas Correntes,91.00 - Sentenças Judiciais,5000.0,0.0,0.0,0.0,0.0,0.0,0.0,0.0,0.0,0.0,0.0,0.0,0.0,0.0,0.0,0.0,0.0,0.0,0.0,0.0,0.0,0.0,0.0,0.0,0.0,0.0,0.0,0.0,0.0,0.0,0.0,0.0,0.0,0.0,0.0,0.0,0.0,0.0,0.0,0.0,2022
3.3 - Outras Despesas Correntes,92.00 - Despesas de Exercícios Anteriores,2000.0,0.0,0.0,0.0,0.0,0.0,0.0,0.0,0.0,0.0,0.0,0.0,0.0,0.0,0.0,0.0,0.0,0.0,0.0,0.0,0.0,0.0,0.0,0.0,0.0,0.0,0.0,0.0,0.0,0.0,0.0,0.0,0.0,0.0,0.0,0.0,0.0,0.0,0.0,0.0,2022
3.3 - Outras Despesas Correntes,93.00 - Indenizações e Restituições,15000.0,2653.6099999999997,2653.6099999999997,2653.6099999999997,0.0,705.9,0.0,257.7,0.0,0.0,0.0,398.77,0.0,92.61,516.0,682.63,0.0,705.9,0.0,257.7,0.0,0.0,0.0,398.77,0.0,92.61,516.0,682.63,0.0,516.0,189.9,257.7,0.0,0.0,0.0,398.77,0.0,92.61,516.0,682.63,2022
3.3 - Outras Despesas Correntes,97.00 - Aporte para Cobertura do Déficit Atuarial do RPPS,1095000.0,997173.5100000001,997173.5100000001,997173.5100000001,0.0,93055.39,74897.64,80716.72,76633.3,85753.27,81729.6,79177.15,90776.54,75363.16,86265.34,172805.4,0.0,93055.39,74897.64,80716.72,76633.3,85753.27,81729.6,79177.15,90776.54,75363.16,86265.34,172805.4,0.0,93055.39,74897.64,80716.72,76633.3,85753.27,81729.6,79177.15,90776.54,75363.16,86265.34,172805.4,2022
4.4 - Investimentos,51.00 - Obras e Instalações,10000.0,0.0,0.0,0.0,0.0,0.0,0.0,0.0,0.0,0.0,0.0,0.0,0.0,0.0,0.0,0.0,0.0,0.0,0.0,0.0,0.0,0.0,0.0,0.0,0.0,0.0,0.0,0.0,0.0,0.0,0.0,0.0,0.0,0.0,0.0,0.0,0.0,0.0,0.0,0.0,2022
4.4 - Investimentos,52.00 - Equipamentos e Material Permanente,385000.0,291374.7,291374.7,291374.7,0.0,255.0,464.0,36673.0,279.0,186249.0,19760.0,1308.0,30628.0,2864.7,12894.0,0.0,0.0,0.0,475.0,244.0,17911.0,9630.0,210640.0,6088.0,20538.0,10994.8,1959.9,12894.0,0.0,0.0,475.0,244.0,17911.0,6870.0,198420.0,15439.0,5978.0,24653.8,8489.9,12894.0,2022
3.1 - Pessoal e Encargos Sociais,"01.00 - Aposentadorias, Reserva Remunerada e Reformas",5000.0,0.0,0.0,0.0,0.0,0.0,0.0,0.0,0.0,0.0,0.0,0.0,0.0,0.0,0.0,0.0,0.0,0.0,0.0,0.0,0.0,0.0,0.0,0.0,0.0,0.0,0.0,0.0,0.0,0.0,0.0,0.0,0.0,0.0,0.0,0.0,0.0,0.0,0.0,0.0,2023
3.1 - Pessoal e Encargos Sociais,03.00 - Pensões do RPPS e do Militar,15000.0,11481.240000000003,11481.240000000003,11481.240000000003,890.02,890.02,890.02,979.02,979.02,979.02,979.02,979.02,979.02,979.02,979.02,979.02,890.02,890.02,890.02,979.02,979.02,979.02,979.02,979.02,979.02,979.02,979.02,979.02,890.02,890.02,890.02,979.02,979.02,979.02,979.02,979.02,979.02,979.02,979.02,979.02,2023
3.1 - Pessoal e Encargos Sociais,11.00 - Vencimentos e Vantagens Fixas Pessoal Civil,13700000.0,13569653.919999998,13569653.919999998,13569653.919999998,998526.81,974005.91,980588.74,1048031.86,1133404.54,1138722.05,1196166.38,1153959.28,1086078.53,1122688.87,1105825.67,1631655.28,998526.81,974005.91,980588.74,1048031.86,1133404.54,1138722.05,1196166.38,1153959.28,1086078.53,1122688.87,1105825.67,1631655.28,998526.81,974005.91,980588.74,1048031.86,1133404.54,1138722.05,1196166.38,1153959.28,1086078.53,1122688.87,1105825.67,1631655.28,2023
3.1 - Pessoal e Encargos Sociais,13.00 - Obrigações Patronais,1002000.0,985210.07,985210.07,985210.0700000001,65911.23,72128.83,76012.28,78269.79,78785.17,78048.87,78915.33,79213.5,79490.25,79755.02,80451.97,138227.83,65911.23,72128.83,76012.28,78269.79,78785.17,78048.87,78915.33,79213.5,79490.25,75776.84,84430.15,138227.83,0.0,65910.28,72129.3,76012.76,78269.79,78785.17,78048.87,78915.33,79213.5,79490.25,79755.02,218679.8,2023
3.1 - Pessoal e Encargos Sociais,13.00 - Obrigações Patronais - Intra-Orçamentário,1480000.0,1461711.0299999998,1461711.0299999998,1461711.0299999998,99155.57,100565.54,99877.44,108704.19,111109.96,113233.4,114665.07,116102.94,116286.44,117057.92,123544.45,241408.11,99155.57,100565.54,99877.44,108704.19,111109.96,113233.4,114665.07,116102.94,116286.44,117057.92,123544.45,241408.11,0.0,99155.57,200442.98,108704.19,111109.96,113233.4,114665.07,116102.94,116286.44,117057.92,123544.45,241408.11,2023
3.1 - Pessoal e Encargos Sociais,16.00 - Outras Despesas Variáveis Pessoal Civil,660000.0,619801.93,619801.93,619801.93,49363.72,10511.27,47796.82,56420.41,46162.13,63514.07,66791.2,27319.75,72094.22,53056.8,76525.74,50245.8,49363.72,10511.27,47796.82,56420.41,46162.13,63514.07,66791.2,27319.75,72094.22,53056.8,76525.74,50245.8,49363.72,10511.27,47796.82,56420.41,46162.13,63514.07,66791.2,27319.75,72094.22,53056.8,76525.74,50245.8,2023
3.1 - Pessoal e Encargos Sociais,91.00 - Sentenças Judiciais,5000.0,0.0,0.0,0.0,0.0,0.0,0.0,0.0,0.0,0.0,0.0,0.0,0.0,0.0,0.0,0.0,0.0,0.0,0.0,0.0,0.0,0.0,0.0,0.0,0.0,0.0,0.0,0.0,0.0,0.0,0.0,0.0,0.0,0.0,0.0,0.0,0.0,0.0,0.0,0.0,2023
3.1 - Pessoal e Encargos Sociais,92.00 - Despesas de Exercícios Anteriores,5000.0,0.0,0.0,0.0,0.0,0.0,0.0,0.0,0.0,0.0,0.0,0.0,0.0,0.0,0.0,0.0,0.0,0.0,0.0,0.0,0.0,0.0,0.0,0.0,0.0,0.0,0.0,0.0,0.0,0.0,0.0,0.0,0.0,0.0,0.0,0.0,0.0,0.0,0.0,0.0,2023
3.3 - Outras Despesas Correntes,08.00 - Outros Benefícios Assistenciais do Servidor e do Militar,1480000.0,1474293.8800000001,1474293.8800000001,1474293.8800000001,246794.68,107385.6,106524.0,106524.0,107494.4,111374.93,113841.07,114240.0,114675.2,114820.27,115291.73,115328.0,115146.68,119353.6,118492.0,118492.0,119462.4,123342.93,125809.07,126208.0,126643.2,126788.27,127259.73,127296.0,115146.68,119353.6,118492.0,118492.0,119462.4,123342.93,125809.07,126208.0,126643.2,126788.27,127259.73,127296.0,2023
3.3 - Outras Despesas Correntes,14.00 - Diárias - Pessoal Civil,300000.0,284547.65,284547.65,284547.65,2640.0,15413.31,32526.65,27465.41,26803.32,29584.33,37569.95,27503.95,20999.94,34227.3,23466.83,6346.66,2640.0,15413.31,32526.65,27465.41,26803.32,29584.33,37569.95,27503.95,20999.94,34227.3,23466.83,6346.66,2640.0,15413.31,32526.65,27465.41,26803.32,29584.33,37569.95,27503.95,20999.94,34227.3,23466.83,6346.66,2023
3.3 - Outras Despesas Correntes,30.00 - Material de Consumo,590000.0,407121.41000000003,407121.41000000003,407121.41,11720.68,14314.25,300710.42,4718.08,6682.77,4440.44,4597.13,6465.62,13167.2,8815.01,21429.6,10060.21,6988.48,11681.07,60059.95,19013.94,45051.69,19374.01,49319.73,22892.85,18338.09,55766.51,31871.07,66764.02,2389.5,12958.41,40608.19,35247.29,46701.67,18581.11,45909.38,24546.41,23720.65,39813.6,42973.87,73671.33,2023
3.3 - Outras Despesas Correntes,"32.00 - Material, Bem ou Serviço para Distribuição Gratuita",25000.0,10000.0,10000.0,10000.0,0.0,0.0,0.0,0.0,0.0,0.0,10000.0,0.0,0.0,0.0,0.0,0.0,0.0,0.0,0.0,0.0,0.0,0.0,0.0,10000.0,0.0,0.0,0.0,0.0,0.0,0.0,0.0,0.0,0.0,0.0,0.0,10000.0,0.0,0.0,0.0,0.0,2023
3.3 - Outras Despesas Correntes,33.00 - Passagens e Despesas com Locomoção,75000.0,59262.409999999996,59262.409999999996,59262.409999999996,791.6,2987.54,7582.69,6399.0,4257.58,6407.44,4482.73,3214.82,5448.61,5954.92,8354.53,3380.95,791.6,2987.54,7582.69,6399.0,4257.58,6407.44,4482.73,3214.82,5448.61,5954.92,8354.53,3380.95,791.6,2987.54,7582.69,6399.0,4257.58,6407.44,4482.73,3214.82,5448.61,5954.92,8354.53,3380.95,2023
3.3 - Outras Despesas Correntes,34.00 - Outras Despesas de Pessoal Decorrentes de Contratos de Terceirização,5000.0,0.0,0.0,0.0,0.0,0.0,0.0,0.0,0.0,0.0,0.0,0.0,0.0,0.0,0.0,0.0,0.0,0.0,0.0,0.0,0.0,0.0,0.0,0.0,0.0,0.0,0.0,0.0,0.0,0.0,0.0,0.0,0.0,0.0,0.0,0.0,0.0,0.0,0.0,0.0,2023
3.3 - Outras Despesas Correntes,35.00 - Serviços de Consultoria,105000.0,21333.33,21333.33,21333.33,0.0,0.0,0.0,0.0,0.0,0.0,0.0,0.0,0.0,21333.33,0.0,0.0,0.0,0.0,0.0,0.0,0.0,0.0,0.0,0.0,0.0,0.0,5333.33,16000.0,0.0,0.0,0.0,0.0,0.0,0.0,0.0,0.0,0.0,0.0,5333.33,16000.0,2023
3.3 - Outras Despesas Correntes,36.00 - Outros Serviços de Terceiros - Pessoa Física,290000.0,183128.0,183128.0,183128.0,123832.8,775.0,41815.0,-42180.8,1550.0,260.0,-6296.0,38085.0,775.0,18750.0,6317.4,-555.4,15339.0,6770.4,22460.0,14485.0,16081.6,13884.0,13211.0,11935.0,13190.0,14800.0,19804.0,21168.0,15339.0,6770.4,22460.0,14485.0,16081.6,13884.0,13211.0,11935.0,13190.0,14800.0,19804.0,21168.0,2023
3.3 - Outras Despesas Correntes,37.00 - Locação de Mão-de-Obra,10000.0,0.0,0.0,0.0,0.0,0.0,0.0,0.0,0.0,0.0,0.0,0.0,0.0,0.0,0.0,0.0,0.0,0.0,0.0,0.0,0.0,0.0,0.0,0.0,0.0,0.0,0.0,0.0,0.0,0.0,0.0,0.0,0.0,0.0,0.0,0.0,0.0,0.0,0.0,0.0,2023
3.3 - Outras Despesas Correntes,39.00 - Outros Serviços de Terceiros Pessoa Jurídica,810000.0,543871.1,543871.1000000001,543871.1000000001,291452.58,116184.1,31950.75,13172.05,15174.37,9055.47,22536.83,32076.2,47855.98,25061.64,16343.55,-76992.42,20464.05,36459.01,53834.98,50750.3,48493.58,48402.7,56437.87,31645.22,25027.69,42435.41,78027.15,51893.14,12400.81,33437.13,55109.21,43248.36,46417.31,50582.28,59732.15,30865.32,37866.08,39750.13,60979.76,73482.56,2023
3.3 - Outras Despesas Correntes,40.00 - Serviços de Tecnologia da Informação e Comunicação - PJ,550000.0,415263.27,415263.2700000001,415263.27,66806.42,333452.69,6058.89,318.67,0.0,0.0,0.0,15000.0,2400.0,2050.0,335.7,-11159.1,8502.83,3870.08,209992.24,22635.01,23248.29,30248.24,7856.34,19306.34,21274.83,19297.69,23774.69,25256.69,2505.51,9867.4,203337.4,25585.06,20298.24,20298.24,20306.34,21511.13,20224.88,18132.5,20777.29,32419.28,2023
3.3 - Outras Despesas Correntes,46.00 - Auxílio Alimentação,1350000.0,1339977.38,1339977.38,1339977.38,121556.92,97515.6,96924.0,95919.53,97614.4,101138.27,100693.66,103740.0,104135.2,104266.93,107016.87,209456.0,96791.05,100133.8,99394.0,99410.46,100084.4,103608.27,105353.73,105238.47,105617.2,105748.93,106671.07,211926.0,96791.05,100133.8,99394.0,99410.46,100084.4,103608.27,105353.73,105238.47,105617.2,105748.93,106671.07,211926.0,2023
3.3 - Outras Despesas Correntes,47.00 - Obrigações Tributárias e Contributivas,16000.0,2716.0,2716.0,2716.0,0.0,0.0,0.0,423.95,224.51,930.53,566.0,0.0,154.5,416.51,0.0,0.0,0.0,0.0,0.0,423.95,224.51,930.53,566.0,0.0,154.5,416.51,0.0,0.0,0.0,0.0,0.0,423.95,224.51,930.53,51.5,514.5,154.5,416.51,0.0,0.0,2023
3.3 - Outras Despesas Correntes,49.00 - Auxílio Transporte,20000.0,3532.5,3532.5,3532.5,5380.0,0.0,0.0,-269.5,0.0,0.0,-684.0,0.0,-422.0,0.0,355.5,-827.5,0.0,427.5,274.5,445.5,333.0,441.0,292.5,117.0,247.5,234.0,211.5,508.5,0.0,427.5,274.5,445.5,333.0,441.0,292.5,117.0,247.5,234.0,211.5,508.5,2023
3.3 - Outras Despesas Correntes,91.00 - Sentenças Judiciais,5000.0,0.0,0.0,0.0,0.0,0.0,0.0,0.0,0.0,0.0,0.0,0.0,0.0,0.0,0.0,0.0,0.0,0.0,0.0,0.0,0.0,0.0,0.0,0.0,0.0,0.0,0.0,0.0,0.0,0.0,0.0,0.0,0.0,0.0,0.0,0.0,0.0,0.0,0.0,0.0,2023
3.3 - Outras Despesas Correntes,92.00 - Despesas de Exercícios Anteriores,2000.0,0.0,0.0,0.0,0.0,0.0,0.0,0.0,0.0,0.0,0.0,0.0,0.0,0.0,0.0,0.0,0.0,0.0,0.0,0.0,0.0,0.0,0.0,0.0,0.0,0.0,0.0,0.0,0.0,0.0,0.0,0.0,0.0,0.0,0.0,0.0,0.0,0.0,0.0,0.0,2023
3.3 - Outras Despesas Correntes,93.00 - Indenizações e Restituições,10000.0,2229.07,2229.07,2229.07,638.57,0.0,0.0,0.0,0.0,0.0,0.0,0.0,0.0,0.0,712.67,877.83,638.57,0.0,0.0,0.0,0.0,0.0,0.0,0.0,0.0,0.0,712.67,877.83,638.57,0.0,0.0,0.0,0.0,0.0,0.0,0.0,0.0,0.0,712.67,877.83,2023
3.3 - Outras Despesas Correntes,97.00 - Aporte para Cobertura do Déficit Atuarial do RPPS,1195000.0,1037999.02,1037999.02,1037999.02,0.0,76282.75,76017.39,83583.54,79280.41,90340.98,94378.27,85170.03,97808.27,80467.82,92064.62,182604.94,0.0,76282.75,76017.39,83583.54,79280.41,90340.98,94378.27,85170.03,97808.27,80467.82,92064.62,182604.94,0.0,76282.75,76017.39,83583.54,79280.41,90340.98,94378.27,85170.03,97808.27,80467.82,92064.62,182604.94,2023
4.4 - Investimentos,51.00 - Obras e Instalações,0.0,0.0,0.0,0.0,0.0,0.0,0.0,0.0,0.0,0.0,0.0,0.0,0.0,0.0,0.0,0.0,0.0,0.0,0.0,0.0,0.0,0.0,0.0,0.0,0.0,0.0,0.0,0.0,0.0,0.0,0.0,0.0,0.0,0.0,0.0,0.0,0.0,0.0,0.0,0.0,2023
4.4 - Investimentos,52.00 - Equipamentos e Material Permanente,290000.0,176520.97,176520.97000000003,176520.97000000003,2585.0,13564.0,19433.76,0.0,43691.0,5113.0,14064.0,1463.0,26167.49,180.0,78169.72,-27910.0,175.0,314.0,25998.86,9094.9,2610.0,13690.0,36572.0,1463.0,12322.49,13541.0,47446.72,13293.0,0.0,489.0,25998.86,8475.0,1480.9,12442.0,37159.0,2410.0,13785.49,4041.0,28752.86,41486.86,2023
